training time,lambda,theta,mu,minimum error
100,0.9995510748741782,6.70018750350959e-06,1e-07,0.00601455447920192
200,0.9925943153077376,0.0018233480008684423,0.01,0.013527386370355724
