Validation,Best Parameters,Minimum Error
"[300, 500, 500]","[0.9963253380592633, 0.0018233480008684423, 0.01]",0.005779444903999647
